{
  "design": "aes_nangate45",
  "pdk": "nangate45",
  "N": 1500,
  "N_total": 16591,
  "m_rows": 158,
  "cell_aspect": 1.4736842105263157,
  "sweep": [
    {
      "r": 0.57,
      "nE": 1124250,
      "nE_intra": 9245,
      "nE_inter": 1115005,
      "c": 158,
      "dbar": 1499.0,
      "rank_theorem_G": 3000,
      "rank_actual": 3000,
      "rank_error": 0,
      "eta_row": 0.9973315543695798,
      "eta_generic": 0.9973315543695798,
      "eta_actual": 0.9973315543695798,
      "gap_predicted": 0.0,
      "gap_actual": 0.0,
      "nv_eff": 2.0,
      "f_intra": 0.008223259951078497
    }
  ]
}