{
  "gcd_nangate45": {
    "design": "gcd_nangate45",
    "N": 357,
    "gs": 10,
    "r_optimal": 3.584215395313178,
    "r_over_diag": 2.25,
    "mean_dbar_at_r": 4.047936351842602,
    "n_active_gcells": 32,
    "n_below_threshold": 16,
    "n_above_threshold": 16,
    "median_demand": 4.907953214796471,
    "frac_low_demand_below_threshold": 0.625,
    "frac_high_demand_above_threshold": 0.625,
    "precision": 0.625,
    "recall": 0.625,
    "f1": 0.625,
    "accuracy": 0.625,
    "confusion_matrix": {
      "TP": 10,
      "FP": 6,
      "FN": 6,
      "TN": 10
    },
    "corr_eta_svd_vs_theory": 0.9356463990664098,
    "corr_eta_svd_vs_demand": 0.39450769504217376,
    "per_gcell": {
      "dbar": [
        2.0,
        3.4,
        3.6,
        3.3333333333333335,
        3.4285714285714284,
        4.8,
        3.5384615384615383,
        2.0,
        4.5,
        5.2,
        3.111111111111111,
        3.0,
        2.5454545454545454,
        4.5,
        6.285714285714286,
        7.0,
        4.769230769230769,
        6.0,
        3.090909090909091,
        6.666666666666667,
        3.8461538461538463,
        2.0,
        1.5,
        4.4,
        4.375,
        5.428571428571429,
        3.4545454545454546,
        0.0,
        5.090909090909091,
        5.636363636363637,
        4.461538461538462,
        6.571428571428571
      ],
      "eta_svd": [
        0.0,
        0.058823529411764705,
        0.1111111111111111,
        0.0,
        0.0,
        0.16666666666666666,
        0.13043478260869565,
        0.0,
        0.18518518518518517,
        0.23076923076923078,
        0.0,
        0.0,
        0.0,
        0.1111111111111111,
        0.38636363636363635,
        0.4489795918367347,
        0.3225806451612903,
        0.35185185185185186,
        0.0,
        0.4,
        0.08,
        0.0,
        0.0,
        0.21212121212121213,
        0.2,
        0.2631578947368421,
        0.15789473684210525,
        0.0,
        0.25,
        0.2903225806451613,
        0.10344827586206896,
        0.43478260869565216
      ],
      "eta_theory": [
        0.0,
        0.0,
        0.0,
        0.0,
        0.0,
        0.16666666666666663,
        0.0,
        0.0,
        0.11111111111111116,
        0.23076923076923084,
        0.0,
        0.0,
        0.0,
        0.11111111111111116,
        0.36363636363636365,
        0.4285714285714286,
        0.16129032258064513,
        0.33333333333333337,
        0.0,
        0.4,
        0.0,
        0.0,
        0.0,
        0.09090909090909094,
        0.08571428571428574,
        0.26315789473684215,
        0.0,
        0.0,
        0.2142857142857143,
        0.29032258064516137,
        0.10344827586206895,
        0.3913043478260869
      ],
      "demand": [
        2.4146514502723795,
        6.110433532308379,
        5.058339981218864,
        4.710892033740704,
        4.226836647087413,
        5.030913218362099,
        6.416087498472178,
        5.4121110957858605,
        4.902434064674776,
        5.732598284016578,
        3.723914540964562,
        1.767139688343607,
        4.3616356681453015,
        5.1933550420007295,
        4.9134723649181655,
        3.6762855193691912,
        4.41393988196523,
        9.237909619910003,
        4.57461480444011,
        3.6337981873037983,
        4.944385099881936,
        3.315395131925011,
        2.1819495932586,
        7.291052498512625,
        7.012205565217701,
        5.617126013013024,
        5.299001283099216,
        0.08770149934266445,
        5.16400660161239,
        2.705468799787224,
        4.475519462086426,
        6.686786407498335
      ]
    }
  },
  "aes_nangate45": {
    "design": "aes_nangate45",
    "N": 16591,
    "gs": 10,
    "r_optimal": 11.420273913089826,
    "r_over_diag": 6.75,
    "mean_dbar_at_r": 4.003656964107737,
    "n_active_gcells": 21,
    "n_below_threshold": 6,
    "n_above_threshold": 15,
    "median_demand": 6.100450004835597,
    "frac_low_demand_below_threshold": 1.0,
    "frac_high_demand_above_threshold": 0.6666666666666666,
    "precision": 0.6666666666666666,
    "recall": 1.0,
    "f1": 0.8,
    "accuracy": 0.7619047619047619,
    "confusion_matrix": {
      "TP": 10,
      "FP": 5,
      "FN": 0,
      "TN": 6
    },
    "corr_eta_svd_vs_theory": 0.9113355249599635,
    "corr_eta_svd_vs_demand": 0.4486669359052835,
    "per_gcell": {
      "dbar": [
        0.0,
        5.568627450980392,
        4.38,
        4.054545454545455,
        3.7037037037037037,
        4.722222222222222,
        4.977443609022556,
        4.126126126126126,
        4.855072463768116,
        4.411214953271028,
        3.4285714285714284,
        2.5714285714285716,
        4.834782608695652,
        4.983333333333333,
        4.756756756756757,
        4.190476190476191,
        2.6666666666666665,
        0.8,
        4.238095238095238,
        5.6521739130434785,
        5.155555555555556
      ],
      "eta_svd": [
        0.0,
        0.29577464788732394,
        0.1643835616438356,
        0.11659192825112108,
        0.06,
        0.21176470588235294,
        0.22658610271903323,
        0.16593886462882096,
        0.2,
        0.15254237288135594,
        0.05555555555555555,
        0.0,
        0.23381294964028776,
        0.2842809364548495,
        0.23863636363636365,
        0.20454545454545456,
        0.05,
        0.0,
        0.1797752808988764,
        0.358974358974359,
        0.28448275862068967
      ],
      "eta_theory": [
        0.0,
        0.2816901408450704,
        0.08675799086757985,
        0.013452914798206317,
        0.0,
        0.15294117647058825,
        0.1963746223564954,
        0.03056768558951961,
        0.17611940298507467,
        0.09322033898305071,
        0.0,
        0.0,
        0.17266187050359705,
        0.19732441471571904,
        0.15909090909090917,
        0.045454545454545525,
        0.0,
        0.0,
        0.0561797752808989,
        0.2923076923076924,
        0.22413793103448276
      ],
      "demand": [
        0.4773443135137827,
        3.7501039226232047,
        11.015589234443404,
        11.654739013740802,
        3.185956953010819,
        3.084821894978552,
        12.180843417158007,
        11.446359604322504,
        11.530438720948275,
        10.380945771701299,
        2.026574203423784,
        2.194150462992131,
        10.782244067286785,
        9.926323193649877,
        10.827129300202317,
        10.576110968801135,
        4.009111121321624,
        1.0264276609264587,
        4.562009971479567,
        6.100450004835597,
        2.678895663516158
      ]
    }
  }
}