{
  "design": "gcd_nangate45",
  "N": 200,
  "compress": 0.3,
  "region": "center",
  "episodes": 200,
  "steps_per_episode": 50,
  "eval_results": [
    {
      "label": "uniform",
      "mean_final_overlaps": 217.2,
      "std_final_overlaps": 3.54400902933387,
      "mean_final_area": 32.34252436498279,
      "mean_final_eta": 0.6461968279704252,
      "mean_reward": -49.2242382027619,
      "raw_overlaps": [
        220,
        212,
        215,
        217,
        222
      ],
      "raw_areas": [
        29.377222579323927,
        35.229329655974865,
        33.513573382084864,
        30.415535246927707,
        33.17696096060264
      ]
    },
    {
      "label": "full-gain",
      "mean_final_overlaps": 209.4,
      "std_final_overlaps": 9.221713506718803,
      "mean_final_area": 29.402996128917202,
      "mean_final_eta": 0.6380679344563901,
      "mean_reward": -47.73033730450144,
      "raw_overlaps": [
        214,
        221,
        210,
        209,
        193
      ],
      "raw_areas": [
        27.342213824744725,
        27.639733705478953,
        30.201952684614515,
        28.958982679531953,
        32.87209775021588
      ]
    },
    {
      "label": "\u03b7-shield",
      "mean_final_overlaps": 280.2,
      "std_final_overlaps": 5.844655678480983,
      "mean_final_area": 64.22996694278596,
      "mean_final_eta": 0.7154927180254338,
      "mean_reward": -56.96172700392759,
      "raw_overlaps": [
        283,
        272,
        275,
        283,
        288
      ],
      "raw_areas": [
        64.9972233636736,
        64.83243738379281,
        65.09387623006657,
        64.24321187313811,
        61.98308586325876
      ]
    },
    {
      "label": "ppo",
      "mean_final_overlaps": 231.2,
      "std_final_overlaps": 8.930845424706444,
      "mean_final_area": 42.35408850086605,
      "mean_final_eta": 0.6746025077506307,
      "mean_reward": -49.68632888899471,
      "raw_overlaps": [
        223,
        246,
        222,
        229,
        236
      ],
      "raw_areas": [
        42.20485525167417,
        41.064781445772724,
        42.11672139047164,
        44.46869660787064,
        41.915387808541084
      ]
    }
  ],
  "training": {
    "rewards": [
      -54.824209297895365,
      -52.090136254702244,
      -53.95191519581262,
      -53.45514631670625,
      -52.039041827369246,
      -51.4687128457758,
      -50.846993623904105,
      -51.503219316305014,
      -51.71456443205751,
      -53.41359491039691,
      -49.342654387352255,
      -51.83844562753751,
      -52.35026282521768,
      -48.64204881006846,
      -51.34707780414838,
      -52.81370540086603,
      -51.36820494961797,
      -51.62190230465864,
      -51.96126024645495,
      -52.654158380971126,
      -51.26474265337373,
      -53.70968379842357,
      -53.44530286947763,
      -53.16370357521636,
      -50.70843694026331,
      -48.13424608023582,
      -51.25211143296021,
      -51.788690860496985,
      -51.21189651049519,
      -53.0915792194534,
      -53.179407122054116,
      -54.40517727188042,
      -51.39979930156086,
      -51.83726810878101,
      -48.88558120123529,
      -54.354367162229266,
      -50.828728126515266,
      -51.29160938855959,
      -52.01044195894286,
      -48.44062168574064,
      -52.63532527844562,
      -50.391140439389666,
      -49.97225964235231,
      -47.43229673876517,
      -51.74004824168123,
      -51.95669209082836,
      -52.01277582306153,
      -47.97232219746559,
      -54.241266329328475,
      -50.139847782903935,
      -50.50050440810665,
      -49.492497597567535,
      -52.1648817764204,
      -55.82388702864984,
      -51.19637348604074,
      -51.21750920350367,
      -51.89701436115266,
      -52.60984366750043,
      -50.18761946014655,
      -49.38515815651554,
      -53.49160138414208,
      -52.01260580224103,
      -53.94485306230709,
      -55.033097088468466,
      -48.337835507397585,
      -56.0537912009169,
      -53.64060775816615,
      -51.022425393579915,
      -51.38423250800482,
      -51.74550930062866,
      -50.07762058353619,
      -52.442573133955264,
      -53.40382772472558,
      -53.0421321754628,
      -54.99058469714517,
      -49.38953355894533,
      -51.79952029312576,
      -52.23971539644506,
      -52.69100395350301,
      -49.92408924352763,
      -52.62602944782715,
      -53.41089807469596,
      -50.88392144679194,
      -53.30556510151419,
      -50.149806551398086,
      -52.98627824978977,
      -52.56208838769583,
      -52.7473480342152,
      -54.3755336658958,
      -53.990882013429065,
      -51.155609883650094,
      -55.856804944039304,
      -53.674210771607704,
      -54.1855321458602,
      -50.82706420965037,
      -51.39492546243337,
      -51.519146783194145,
      -51.760027813749744,
      -49.42005482965865,
      -49.928513374686496,
      -50.79550102447936,
      -53.318822184890514,
      -56.07197541141605,
      -52.43639312961817,
      -52.51979938571661,
      -51.244451265517505,
      -52.20002206960469,
      -52.39567536980379,
      -48.458612063675595,
      -50.13274126309451,
      -53.18865454376392,
      -52.269920901717825,
      -51.74702947218846,
      -51.51856495824649,
      -51.702048115189086,
      -51.81829225724045,
      -52.24007687367026,
      -49.713286990214826,
      -48.38470149444492,
      -49.48499687547719,
      -50.550426322886565,
      -50.32966570186008,
      -51.3277374720224,
      -50.820808199235714,
      -48.84108074433459,
      -56.91660003333809,
      -49.68674688263617,
      -51.146652879366904,
      -47.65035280414111,
      -50.632630757156726,
      -51.718723220638175,
      -49.55190819223338,
      -51.54855843212516,
      -50.97286825013458,
      -52.426130202554035,
      -52.50667275832665,
      -52.28025425659163,
      -52.160855519086184,
      -51.52297154441354,
      -53.73729453502935,
      -52.7342999732883,
      -52.74226588792882,
      -52.6907286280975,
      -53.873088295420246,
      -50.240721411675175,
      -51.8447546607939,
      -49.94046760534612,
      -51.96275696842671,
      -48.910789424278036,
      -53.246662896741974,
      -52.940814900571624,
      -53.187085801572465,
      -50.825091315228825,
      -51.41008598873659,
      -51.76881766319406,
      -50.289013286586844,
      -50.1685492067815,
      -51.09888202712746,
      -54.20895454528616,
      -51.53187563134378,
      -47.94884324605458,
      -48.97831847149697,
      -48.92034395616996,
      -48.360788319379225,
      -50.17580842530365,
      -47.51080390230104,
      -48.88162372101806,
      -50.78035971510601,
      -50.92651738336245,
      -49.768442077799946,
      -49.261014941026815,
      -49.868590539279204,
      -48.42528561013477,
      -50.87422641751987,
      -53.5533313931916,
      -50.12383308113202,
      -49.76888760226955,
      -53.09587658556201,
      -52.36374934796039,
      -52.54455789664098,
      -50.62890583233601,
      -46.69174754225768,
      -53.162635283120544,
      -49.35952961737751,
      -51.92030608777557,
      -50.27525028881478,
      -48.8204018508804,
      -50.084518218102644,
      -51.955287465586835,
      -45.712889365604056,
      -49.36860336462106,
      -50.792595479848735,
      -50.89064501732994,
      -49.99795426056558,
      -52.54042466179931,
      -49.72380111958324,
      -50.20930965876711,
      -51.984637618852176,
      -47.990093627351136,
      -51.48180672724221
    ],